X,Y,id,x,y,z,dip_dir,dip_ang,descript
-1653.963825537416142,-288953.387186699372251,2,-1653.963825537416142,-288953.387186699372251,-3818.477635608479432,294.124549416161244,4.251100985300923,thin_bright
-1653.195919866082932,-288952.312118759495206,2,-1653.195919866082932,-288952.312118759495206,-3818.422952849445210,294.124549416161244,4.251100985300923,thin_bright
-1652.735176463282869,-288951.237050819618162,2,-1652.735176463282869,-288951.237050819618162,-3818.434568778797257,294.124549416161244,4.251100985300923,thin_bright
-1651.813689657682971,-288949.854820611246396,2,-1651.813689657682971,-288949.854820611246396,-3818.401894431824985,294.124549416161244,4.251100985300923,thin_bright
-1651.122574553482991,-288948.779752671369351,2,-1651.122574553482991,-288948.779752671369351,-3818.420912850287550,294.124549416161244,4.251100985300923,thin_bright
-1649.893925479349718,-288947.243941328662913,2,-1649.893925479349718,-288947.243941328662913,-3818.370585986764581,294.124549416161244,4.251100985300923,thin_bright
-1648.742066972349676,-288945.861711120291147,2,-1648.742066972349676,-288945.861711120291147,-3818.327558023312122,294.124549416161244,4.251100985300923,thin_bright
-1647.436627331082946,-288944.325899777642917,2,-1647.436627331082946,-288944.325899777642917,-3818.276979165003468,294.124549416161244,4.251100985300923,thin_bright
-1646.591931092616505,-288942.482926166441757,2,-1646.591931092616505,-288942.482926166441757,-3818.375781705759437,294.124549416161244,4.251100985300923,thin_bright
-1645.824025421283068,-288941.331067659426481,2,-1645.824025421283068,-288941.331067659426481,-3818.387139692617893,294.124549416161244,4.251100985300923,thin_bright
-1644.90253861568317,-288940.255999719549436,2,-1644.902538615683170,-288940.255999719549436,-3818.373329063125766,294.124549416161244,4.251100985300923,thin_bright
-1644.21142351148319,-288939.180931779672392,2,-1644.211423511483190,-288939.180931779672392,-3818.384644701347952,294.124549416161244,4.251100985300923,thin_bright
-1643.827470675816585,-288937.645120437024161,2,-1643.827470675816585,-288937.645120437024161,-3818.501703121522496,294.124549416161244,4.251100985300923,thin_bright
-1643.059565004483147,-288936.262890228594188,2,-1643.059565004483147,-288936.262890228594188,-3818.501968520326955,294.124549416161244,4.251100985300923,thin_bright
-1642.445240467416625,-288934.49670718453126,2,-1642.445240467416625,-288934.496707184531260,-3818.600922357393301,294.124549416161244,4.251100985300923,thin_bright
-1641.907706497483332,-288933.728801513207145,2,-1641.907706497483332,-288933.728801513207145,-3818.505766794344709,294.124549416161244,4.251100985300923,thin_bright
-1641.370172527550039,-288932.576943006191868,2,-1641.370172527550039,-288932.576943006191868,-3818.425566021850045,294.124549416161244,4.251100985300923,thin_bright
-1641.254986676849967,-288930.849155245756265,2,-1641.254986676849967,-288930.849155245756265,-3818.597442990317631,294.124549416161244,4.251100985300923,thin_bright
-1641.293381960416809,-288928.967786350985989,2,-1641.293381960416809,-288928.967786350985989,-3818.843655874007709,294.124549416161244,4.251100985300923,thin_bright
-1640.986219691883434,-288927.815927843970712,2,-1640.986219691883434,-288927.815927843970712,-3818.806237988541397,294.124549416161244,4.251100985300923,thin_bright
-1640.794243274050132,-288926.356907068460714,2,-1640.794243274050132,-288926.356907068460714,-3818.831669795830749,294.124549416161244,4.251100985300923,thin_bright
-1640.525476289083372,-288925.205048561445437,2,-1640.525476289083372,-288925.205048561445437,-3818.820605820881610,294.124549416161244,4.251100985300923,thin_bright
-1640.295104587683454,-288923.477260800951626,2,-1640.295104587683454,-288923.477260800951626,-3818.861751827390435,294.124549416161244,4.251100985300923,thin_bright
-1640.141523453416767,-288922.555773995351046,2,-1640.141523453416767,-288922.555773995351046,-3818.859268292262641,294.124549416161244,4.251100985300923,thin_bright
-1639.795965901316777,-288921.557496622612234,2,-1639.795965901316777,-288921.557496622612234,-3818.770007632067518,294.124549416161244,4.251100985300923,thin_bright
-1639.565594199916859,-288920.597614533442538,2,-1639.565594199916859,-288920.597614533442538,-3818.720207082429170,294.124549416161244,4.251100985300923,thin_bright
-1639.450408349216787,-288919.829708862118423,2,-1639.450408349216787,-288919.829708862118423,-3818.726680260073863,294.124549416161244,4.251100985300923,thin_bright
-1639.373617782083329,-288918.524269220826682,2,-1639.373617782083329,-288918.524269220826682,-3818.818212519960525,294.124549416161244,4.251100985300923,thin_bright
-1639.220036647816869,-288916.719690893252846,2,-1639.220036647816869,-288916.719690893252846,-3818.915151309022804,294.124549416161244,4.251100985300923,thin_bright
-1638.605712110750119,-288913.801649342174642,2,-1638.605712110750119,-288913.801649342174642,-3818.875104623810785,294.124549416161244,4.251100985300923,thin_bright
-1637.799411155850294,-288912.496209700941108,2,-1637.799411155850294,-288912.496209700941108,-3818.762789968187462,294.124549416161244,4.251100985300923,thin_bright
-1637.261877185917001,-288911.190770059649367,2,-1637.261877185917001,-288911.190770059649367,-3818.778571342019859,294.124549416161244,4.251100985300923,thin_bright
-1637.031505484516856,-288910.038911552692298,2,-1637.031505484516856,-288910.038911552692298,-3818.884606591392640,294.124549416161244,4.251100985300923,thin_bright
-1636.724343215983481,-288908.963843612815253,2,-1636.724343215983481,-288908.963843612815253,-3818.923972254065575,294.124549416161244,4.251100985300923,thin_bright
-1636.301995096750261,-288907.811985105799977,2,-1636.301995096750261,-288907.811985105799977,-3818.912163101765145,294.124549416161244,4.251100985300923,thin_bright
-1635.726065843250353,-288906.583336031646468,2,-1635.726065843250353,-288906.583336031646468,-3818.861051343135387,294.124549416161244,4.251100985300923,thin_bright
-1635.342113007583521,-288905.546663375396747,2,-1635.342113007583521,-288905.546663375396747,-3818.883330417866546,294.124549416161244,4.251100985300923,thin_bright
-1634.804579037650228,-288904.39480486838147,2,-1634.804579037650228,-288904.394804868381470,-3818.892224832748525,294.124549416161244,4.251100985300923,thin_bright
-1634.190254500583706,-288903.319736928504426,2,-1634.190254500583706,-288903.319736928504426,-3818.859274772402841,294.124549416161244,4.251100985300923,thin_bright
-1633.767906381350258,-288902.283064272196498,2,-1633.767906381350258,-288902.283064272196498,-3818.876713849582302,294.124549416161244,4.251100985300923,thin_bright
-1633.422348829250495,-288901.054415198042989,2,-1633.422348829250495,-288901.054415198042989,-3818.931464617010079,294.124549416161244,4.251100985300923,thin_bright
-1632.884814859317203,-288899.979347258165944,2,-1632.884814859317203,-288899.979347258165944,-3818.895742310794049,294.124549416161244,4.251100985300923,thin_bright
-1632.539257307217213,-288898.558721766225062,2,-1632.539257307217213,-288898.558721766225062,-3818.947334168284215,294.124549416161244,4.251100985300923,thin_bright
-1632.07851390441715,-288897.637234960624482,2,-1632.078513904417150,-288897.637234960624482,-3818.889142394398277,294.124549416161244,4.251100985300923,thin_bright
-1631.809746919450617,-288896.754143438593019,2,-1631.809746919450617,-288896.754143438593019,-3818.871087595439803,294.124549416161244,4.251100985300923,thin_bright
-1631.349003516650555,-288895.410308513732161,2,-1631.349003516650555,-288895.410308513732161,-3818.819344563427421,294.124549416161244,4.251100985300923,thin_bright
-1631.003445964550565,-288894.104868872498628,2,-1631.003445964550565,-288894.104868872498628,-3818.855224300749342,294.124549416161244,4.251100985300923,thin_bright
-1630.69628369601719,-288892.722638664068654,2,-1630.696283696017190,-288892.722638664068654,-3818.956289932377331,294.124549416161244,4.251100985300923,thin_bright
-1630.504307278183887,-288891.071641470713075,2,-1630.504307278183887,-288891.071641470713075,-3819.073823641342642,294.124549416161244,4.251100985300923,thin_bright
-1629.92837802468398,-288889.919782963697799,2,-1629.928378024683980,-288889.919782963697799,-3818.991774204632748,294.124549416161244,4.251100985300923,thin_bright
-1629.698006323283835,-288888.921505590958986,2,-1629.698006323283835,-288888.921505590958986,-3819.043172949532163,294.124549416161244,4.251100985300923,thin_bright
-1629.506029905450532,-288887.923228218220174,2,-1629.506029905450532,-288887.923228218220174,-3819.114322432958033,294.124549416161244,4.251100985300923,thin_bright
-1629.160472353350542,-288886.771369711263105,2,-1629.160472353350542,-288886.771369711263105,-3819.166310049553431,294.124549416161244,4.251100985300923,thin_bright
-1628.853310084817394,-288886.080254607019015,2,-1628.853310084817394,-288886.080254607019015,-3819.141069354080628,294.124549416161244,4.251100985300923,thin_bright
-1628.699728950550707,-288885.235558368556667,2,-1628.699728950550707,-288885.235558368556667,-3819.181213200613911,294.124549416161244,4.251100985300923,thin_bright
-1628.392566682017332,-288883.239003623137251,2,-1628.392566682017332,-288883.239003623137251,-3819.231684094911543,294.124549416161244,4.251100985300923,thin_bright
-1628.162194980617414,-288881.971959265414625,2,-1628.162194980617414,-288881.971959265414625,-3819.245216188019640,294.124549416161244,4.251100985300923,thin_bright
-1627.931823279217269,-288880.858496041968465,2,-1627.931823279217269,-288880.858496041968465,-3819.294920828564955,294.124549416161244,4.251100985300923,thin_bright
-1627.816637428517424,-288879.975404519937001,2,-1627.816637428517424,-288879.975404519937001,-3819.368595382756666,294.124549416161244,4.251100985300923,thin_bright
-1627.778242144950582,-288878.977127147198189,2,-1627.778242144950582,-288878.977127147198189,-3819.480108240915797,294.124549416161244,4.251100985300923,thin_bright
-1627.125522324317672,-288875.636737476859707,2,-1627.125522324317672,-288875.636737476859707,-3819.207099345601364,294.124549416161244,4.251100985300923,thin_bright
-1626.357616652984461,-288872.833881776488852,2,-1626.357616652984461,-288872.833881776488852,-3819.458337063541876,294.124549416161244,4.251100985300923,thin_bright
-1626.050454384451086,-288871.490046851686202,2,-1626.050454384451086,-288871.490046851686202,-3819.482864428773155,294.124549416161244,4.251100985300923,thin_bright
-1626.050454384451086,-288869.915840225410648,2,-1626.050454384451086,-288869.915840225410648,-3819.600018491814808,294.124549416161244,4.251100985300923,thin_bright
-1625.666501548784481,-288868.955958136240952,2,-1625.666501548784481,-288868.955958136240952,-3819.332664989226487,294.124549416161244,4.251100985300923,thin_bright
-1625.359339280251106,-288868.303238315624185,2,-1625.359339280251106,-288868.303238315624185,-3819.126298064960338,294.124549416161244,4.251100985300923,thin_bright
-1625.282548713117876,-288867.573727927869186,2,-1625.282548713117876,-288867.573727927869186,-3819.209153783152033,294.124549416161244,4.251100985300923,thin_bright
-1625.167362862417804,-288866.767426972975954,2,-1625.167362862417804,-288866.767426972975954,-3819.276033433426164,294.124549416161244,4.251100985300923,thin_bright
-1625.205758145984419,-288865.730754316668026,2,-1625.205758145984419,-288865.730754316668026,-3819.433836317655732,294.124549416161244,4.251100985300923,thin_bright
-1624.706619459617741,-288865.154825063189492,2,-1624.706619459617741,-288865.154825063189492,-3819.327250490432561,294.124549416161244,4.251100985300923,thin_bright
-1624.322666623951136,-288864.348524108238053,2,-1624.322666623951136,-288864.348524108238053,-3819.292721985546905,294.124549416161244,4.251100985300923,thin_bright
-1624.207480773251064,-288863.311851451988332,2,-1624.207480773251064,-288863.311851451988332,-3819.421888987349575,294.124549416161244,4.251100985300923,thin_bright
-1623.785132654017843,-288862.044807094265707,2,-1623.785132654017843,-288862.044807094265707,-3819.476865346478007,294.124549416161244,4.251100985300923,thin_bright
-1622.786855281284488,-288860.048252348788083,2,-1622.786855281284488,-288860.048252348788083,-3819.360185864178220,294.124549416161244,4.251100985300923,thin_bright
-1622.479693012751341,-288859.04997497604927,2,-1622.479693012751341,-288859.049974976049270,-3819.371535796785338,294.124549416161244,4.251100985300923,thin_bright
-1622.210926027784581,-288858.166883454017807,2,-1622.210926027784581,-288858.166883454017807,-3819.386435456631261,294.124549416161244,4.251100985300923,thin_bright
-1621.289439222184683,-288856.707862678566016,2,-1621.289439222184683,-288856.707862678566016,-3819.229157006018795,294.124549416161244,4.251100985300923,thin_bright
-1620.521533550851245,-288854.941679634503089,2,-1620.521533550851245,-288854.941679634503089,-3819.178906655870833,294.124549416161244,4.251100985300923,thin_bright
-1619.983999580917953,-288852.637962620472535,2,-1619.983999580917953,-288852.637962620472535,-3819.307669229615840,294.124549416161244,4.251100985300923,thin_bright
-1619.292884476717973,-288850.103873905085493,2,-1619.292884476717973,-288850.103873905085493,-3819.329547421534244,294.124549416161244,4.251100985300923,thin_bright
-1617.680282566918095,-288843.960628534434363,2,-1617.680282566918095,-288843.960628534434363,-3819.288140442588883,294.124549416161244,4.251100985300923,thin_bright
-1616.989167462718115,-288841.426539819047321,2,-1616.989167462718115,-288841.426539819047321,-3819.281192156920497,294.124549416161244,4.251100985300923,thin_bright
-1616.528424059918052,-288839.737147342064418,2,-1616.528424059918052,-288839.737147342064418,-3819.299189297882549,294.124549416161244,4.251100985300923,thin_bright
-1615.760518388584842,-288836.895896358182654,2,-1615.760518388584842,-288836.895896358182654,-3819.399962450492694,294.124549416161244,4.251100985300923,thin_bright
-1615.222984418651549,-288834.361807642737404,2,-1615.222984418651549,-288834.361807642737404,-3819.470210400588257,294.124549416161244,4.251100985300923,thin_bright
-1614.915822150118174,-288832.979577434365638,2,-1614.915822150118174,-288832.979577434365638,-3819.503056074681353,294.124549416161244,4.251100985300923,thin_bright
-1613.994335344518277,-288831.059813256026246,2,-1613.994335344518277,-288831.059813256026246,-3819.310399860703001,294.124549416161244,4.251100985300923,thin_bright
-1613.226429673185066,-288829.216839644825086,2,-1613.226429673185066,-288829.216839644825086,-3819.205419635929047,294.124549416161244,4.251100985300923,thin_bright
-1612.304942867584941,-288827.527447167900391,2,-1612.304942867584941,-288827.527447167900391,-3819.063559420945239,294.124549416161244,4.251100985300923,thin_bright
-1611.537037196251731,-288825.684473556699231,2,-1611.537037196251731,-288825.684473556699231,-3818.918678824872586,294.124549416161244,4.251100985300923,thin_bright
-1610.308388122118231,-288820.769877260201611,2,-1610.308388122118231,-288820.769877260201611,-3819.244520821617698,294.124549416161244,4.251100985300923,thin_bright
-1609.617273017918251,-288818.389369679032825,2,-1609.617273017918251,-288818.389369679032825,-3819.445328859167148,294.124549416161244,4.251100985300923,thin_bright
-1608.772576779451583,-288816.623186634969898,2,-1608.772576779451583,-288816.623186634969898,-3819.415840276101790,294.124549416161244,4.251100985300923,thin_bright
-1608.004671108118146,-288814.703422456630506,2,-1608.004671108118146,-288814.703422456630506,-3819.445821822183461,294.124549416161244,4.251100985300923,thin_bright
-1607.083184302518248,-288812.322914875519928,2,-1607.083184302518248,-288812.322914875519928,-3819.491810380593051,294.124549416161244,4.251100985300923,thin_bright
-1606.545650332584955,-288810.095988428627606,2,-1606.545650332584955,-288810.095988428627606,-3819.681448808360074,294.124549416161244,4.251100985300923,thin_bright
-1605.700954094118288,-288808.09943368320819,2,-1605.700954094118288,-288808.099433683208190,-3819.680310861451744,294.124549416161244,4.251100985300923,thin_bright
-1604.702676721384933,-288806.486831773363519,2,-1604.702676721384933,-288806.486831773363519,-3819.585374390845573,294.124549416161244,4.251100985300923,thin_bright
-1604.16514275145164,-288804.336695893667638,2,-1604.165142751451640,-288804.336695893667638,-3819.716070924941505,294.124549416161244,4.251100985300923,thin_bright
-1603.627608781518347,-288803.338418520928826,2,-1603.627608781518347,-288803.338418520928826,-3819.653271410139041,294.124549416161244,4.251100985300923,thin_bright
-1602.70612197591845,-288801.341863775451202,2,-1602.706121975918450,-288801.341863775451202,-3819.559142857438474,294.124549416161244,4.251100985300923,thin_bright
-1601.938216304585012,-288799.268518462835345,2,-1601.938216304585012,-288799.268518462835345,-3819.494292208054503,294.124549416161244,4.251100985300923,thin_bright
-1601.631054036051864,-288797.425544851634186,2,-1601.631054036051864,-288797.425544851634186,-3819.639853625194064,294.124549416161244,4.251100985300923,thin_bright
-1600.939938931851884,-288796.04331464326242,2,-1600.939938931851884,-288796.043314643262420,-3819.578856015543806,294.124549416161244,4.251100985300923,thin_bright
-1600.056847409818602,-288792.933296674396843,2,-1600.056847409818602,-288792.933296674396843,-3819.553248747534326,294.124549416161244,4.251100985300923,thin_bright
-1599.749685141285227,-288791.474275898886845,2,-1599.749685141285227,-288791.474275898886845,-3819.565751150607412,294.124549416161244,4.251100985300923,thin_bright
-1599.058570037085474,-288789.516116436978336,2,-1599.058570037085474,-288789.516116436978336,-3819.437707051482448,294.124549416161244,4.251100985300923,thin_bright
-1598.329059649318651,-288787.365980557224248,2,-1598.329059649318651,-288787.365980557224248,-3819.370319350426144,294.124549416161244,4.251100985300923,thin_bright
-1597.676339828685514,-288785.331030528177507,2,-1597.676339828685514,-288785.331030528177507,-3819.408694168455440,294.124549416161244,4.251100985300923,thin_bright
-1596.908434157352076,-288783.910405036236625,2,-1596.908434157352076,-288783.910405036236625,-3819.395035735444253,294.124549416161244,4.251100985300923,thin_bright
-1596.678062455952158,-288782.604965394944884,2,-1596.678062455952158,-288782.604965394944884,-3819.627719622490986,294.124549416161244,4.251100985300923,thin_bright
-1591.609885025151925,-288773.006144503364339,2,-1591.609885025151925,-288773.006144503364339,-3819.490585448741513,294.124549416161244,4.251100985300923,thin_bright
-1590.841979353818715,-288770.856008623610251,2,-1590.841979353818715,-288770.856008623610251,-3819.603556495304019,294.124549416161244,4.251100985300923,thin_bright
-1590.074073682485505,-288769.32019728096202,2,-1590.074073682485505,-288769.320197280962020,-3819.587653409027098,294.124549416161244,4.251100985300923,thin_bright
-1588.154309504152252,-288765.403878357145004,2,-1588.154309504152252,-288765.403878357145004,-3819.532314002819021,294.124549416161244,4.251100985300923,thin_bright
-1587.463194399952272,-288763.560904745943844,2,-1587.463194399952272,-288763.560904745943844,-3819.572443492190814,294.124549416161244,4.251100985300923,thin_bright
-1586.541707594352147,-288761.948302836157382,2,-1586.541707594352147,-288761.948302836157382,-3819.452899754326609,294.124549416161244,4.251100985300923,thin_bright
-1575.637447061419607,-288747.588466782181058,2,-1575.637447061419607,-288747.588466782181058,-3819.414944958945398,294.124549416161244,4.251100985300923,thin_bright
-1574.485588554419564,-288745.975864872394595,2,-1574.485588554419564,-288745.975864872394595,-3819.455459961627639,294.124549416161244,4.251100985300923,thin_bright
-1573.487311181686209,-288744.132891261193436,2,-1573.487311181686209,-288744.132891261193436,-3819.629943902492869,294.124549416161244,4.251100985300923,thin_bright
-1572.642614943219542,-288742.75066105282167,2,-1572.642614943219542,-288742.750661052821670,-3819.665808622535678,294.124549416161244,4.251100985300923,thin_bright
-1571.183594167686351,-288740.754106307344045,2,-1571.183594167686351,-288740.754106307344045,-3819.373089401593916,294.124549416161244,4.251100985300923,thin_bright
-1569.878154526419621,-288738.680760994728189,2,-1569.878154526419621,-288738.680760994728189,-3819.352416580379668,294.124549416161244,4.251100985300923,thin_bright
-1568.879877153686493,-288737.144949652079958,2,-1568.879877153686493,-288737.144949652079958,-3819.386051780338221,294.124549416161244,4.251100985300923,thin_bright
-1568.035180915219826,-288735.301976040878799,2,-1568.035180915219826,-288735.301976040878799,-3819.484555381805421,294.124549416161244,4.251100985300923,thin_bright
-1554.05929769695399,-288718.062493719451595,2,-1554.059297696953990,-288718.062493719451595,-3818.880957488254353,294.124549416161244,4.251100985300923,thin_bright
-1553.560159010587313,-288716.987425779574551,2,-1553.560159010587313,-288716.987425779574551,-3818.905370728457910,294.124549416161244,4.251100985300923,thin_bright
-1552.830648622820718,-288715.95075312332483,2,-1552.830648622820718,-288715.950753123324830,-3818.879708014731932,294.124549416161244,4.251100985300923,thin_bright
-1552.101138235054123,-288714.990871034155134,2,-1552.101138235054123,-288714.990871034155134,-3818.909172438902715,294.124549416161244,4.251100985300923,thin_bright
-1551.448418414420757,-288714.146174795692787,2,-1551.448418414420757,-288714.146174795692787,-3818.932117192335681,294.124549416161244,4.251100985300923,thin_bright
-1550.60372217595409,-288713.263083273603115,2,-1550.603722175954090,-288713.263083273603115,-3818.874423070679313,294.124549416161244,4.251100985300923,thin_bright
-1550.104583489587412,-288712.533572885848116,2,-1550.104583489587412,-288712.533572885848116,-3818.896255981081140,294.124549416161244,4.251100985300923,thin_bright
-1539.238718240221033,-288699.479176473163534,2,-1539.238718240221033,-288699.479176473163534,-3818.682244008381531,294.124549416161244,4.251100985300923,thin_bright
-1538.08685973322099,-288698.480899100424722,2,-1538.086859733220990,-288698.480899100424722,-3818.471586074415882,294.124549416161244,4.251100985300923,thin_bright
-1536.167095554887737,-288696.177182086452376,2,-1536.167095554887737,-288696.177182086452376,-3818.506504217265956,294.124549416161244,4.251100985300923,thin_bright
-1534.938446480754465,-288694.487789609527681,2,-1534.938446480754465,-288694.487789609527681,-3818.667270232225292,294.124549416161244,4.251100985300923,thin_bright
-1533.863378540887879,-288692.798397132602986,2,-1533.863378540887879,-288692.798397132602986,-3818.912432233949858,294.124549416161244,4.251100985300923,thin_bright
-1532.941891735287982,-288691.185795222758316,2,-1532.941891735287982,-288691.185795222758316,-3818.880143168518316,294.124549416161244,4.251100985300923,thin_bright
-1532.020404929688084,-288689.342821611615364,2,-1532.020404929688084,-288689.342821611615364,-3819.014959482916311,294.124549416161244,4.251100985300923,thin_bright
-1530.791755855554811,-288687.11589516478125,2,-1530.791755855554811,-288687.115895164781250,-3819.143461754221789,294.124549416161244,4.251100985300923,thin_bright
-1529.102363378621703,-288684.812178150750697,2,-1529.102363378621703,-288684.812178150750697,-3818.916225591258808,294.124549416161244,4.251100985300923,thin_bright
-1528.027295438754891,-288682.508461136778351,2,-1528.027295438754891,-288682.508461136778351,-3818.890031272377655,294.124549416161244,4.251100985300923,thin_bright
-1526.49148409608847,-288680.051162988471333,2,-1526.491484096088470,-288680.051162988471333,-3818.662250315016536,294.124549416161244,4.251100985300923,thin_bright
-1524.571719917755217,-288676.749168601760175,2,-1524.571719917755217,-288676.749168601760175,-3818.447489097757170,294.124549416161244,4.251100985300923,thin_bright
-1523.957395380688467,-288674.445451587729622,2,-1523.957395380688467,-288674.445451587729622,-3818.806199064499197,294.124549416161244,4.251100985300923,thin_bright
-1523.419861410755175,-288672.372106275171973,2,-1523.419861410755175,-288672.372106275171973,-3819.274436336391773,294.124549416161244,4.251100985300923,thin_bright
-1521.884050068088527,-288670.529132663970813,2,-1521.884050068088527,-288670.529132663970813,-3819.071446835116149,294.124549416161244,4.251100985300923,thin_bright
-1521.116144396755317,-288669.454064724093769,2,-1521.116144396755317,-288669.454064724093769,-3819.027072250578840,294.124549416161244,4.251100985300923,thin_bright
-1518.966008517021919,-288666.766394874430262,2,-1518.966008517021919,-288666.766394874430262,-3818.793778389860108,294.124549416161244,4.251100985300923,thin_bright
-1516.278338667355456,-288663.92514389049029,2,-1516.278338667355456,-288663.925143890490290,-3818.498413034371424,294.124549416161244,4.251100985300923,thin_bright
-1514.742527324688808,-288661.698217443597969,2,-1514.742527324688808,-288661.698217443597969,-3818.481369562125565,294.124549416161244,4.251100985300923,thin_bright
-1513.283506549155391,-288658.626594758301508,2,-1513.283506549155391,-288658.626594758301508,-3818.944522681047147,294.124549416161244,4.251100985300923,thin_bright
-1512.131648042155575,-288656.783621147100348,2,-1512.131648042155575,-288656.783621147100348,-3818.901431944103024,294.124549416161244,4.251100985300923,thin_bright
-1510.979789535155533,-288654.940647535899188,2,-1510.979789535155533,-288654.940647535899188,-3818.973518974657054,294.124549416161244,4.251100985300923,thin_bright
-1509.443978192488885,-288652.252977686235681,2,-1509.443978192488885,-288652.252977686235681,-3819.110718771283700,294.124549416161244,4.251100985300923,thin_bright
-1508.061747984088925,-288649.718888970848639,2,-1508.061747984088925,-288649.718888970848639,-3819.118914463872898,294.124549416161244,4.251100985300923,thin_bright
-1506.679517775688964,-288647.722334225371014,2,-1506.679517775688964,-288647.722334225371014,-3818.959250389449153,294.124549416161244,4.251100985300923,thin_bright
-1506.065193238622442,-288645.495407778478693,2,-1506.065193238622442,-288645.495407778478693,-3819.252423630367502,294.124549416161244,4.251100985300923,thin_bright
-1504.606172463089024,-288643.498853033059277,2,-1504.606172463089024,-288643.498853033059277,-3819.000249091704063,294.124549416161244,4.251100985300923,thin_bright
-1503.915057358889044,-288642.116622824629303,2,-1503.915057358889044,-288642.116622824629303,-3819.063015610231560,294.124549416161244,4.251100985300923,thin_bright
-1502.916779986155916,-288640.273649213428143,2,-1502.916779986155916,-288640.273649213428143,-3819.087542389243481,294.124549416161244,4.251100985300923,thin_bright
-1501.764921479155873,-288637.969932199455798,2,-1501.764921479155873,-288637.969932199455798,-3819.075769421559926,294.124549416161244,4.251100985300923,thin_bright
-1500.536272405022601,-288635.973377453978173,2,-1500.536272405022601,-288635.973377453978173,-3818.981024417189019,294.124549416161244,4.251100985300923,thin_bright
-1499.307623330889328,-288634.437566111329943,2,-1499.307623330889328,-288634.437566111329943,-3818.829836649693789,294.124549416161244,4.251100985300923,thin_bright
-1498.232555391022743,-288632.210639664437622,2,-1498.232555391022743,-288632.210639664437622,-3818.876226335663432,294.124549416161244,4.251100985300923,thin_bright
-1497.00390631688947,-288629.830132083327044,2,-1497.003906316889470,-288629.830132083327044,-3818.793111482400491,294.124549416161244,4.251100985300923,thin_bright
-1495.69846667562274,-288628.44790187489707,2,-1495.698466675622740,-288628.447901874897070,-3818.446799021684456,294.124549416161244,4.251100985300923,thin_bright
-1494.546608168622924,-288626.758509397972375,2,-1494.546608168622924,-288626.758509397972375,-3818.266217961120219,294.124549416161244,4.251100985300923,thin_bright
-1493.317959094489652,-288624.915535786771215,2,-1493.317959094489652,-288624.915535786771215,-3818.070648714238814,294.124549416161244,4.251100985300923,thin_bright
-1492.396472288889527,-288623.302933876984753,2,-1492.396472288889527,-288623.302933876984753,-3818.097825344948888,294.124549416161244,4.251100985300923,thin_bright
-1491.167823214756254,-288621.767122534336522,2,-1491.167823214756254,-288621.767122534336522,-3817.925586912243944,294.124549416161244,4.251100985300923,thin_bright
-1490.015964707756211,-288619.693777221720666,2,-1490.015964707756211,-288619.693777221720666,-3817.880003562370803,294.124549416161244,4.251100985300923,thin_bright
-1489.017687335023084,-288618.081175311934203,2,-1489.017687335023084,-288618.081175311934203,-3817.813491327971406,294.124549416161244,4.251100985300923,thin_bright
-1488.326572230823103,-288615.854248865041882,2,-1488.326572230823103,-288615.854248865041882,-3817.984468052611192,294.124549416161244,4.251100985300923,thin_bright
-1486.176436351089706,-288613.396950716793071,2,-1486.176436351089706,-288613.396950716793071,-3817.589174244782043,294.124549416161244,4.251100985300923,thin_bright
-1485.562111814023183,-288611.707558239868376,2,-1485.562111814023183,-288611.707558239868376,-3817.670572775998608,294.124549416161244,4.251100985300923,thin_bright
-1484.41025330702314,-288610.402118598576635,2,-1484.410253307023140,-288610.402118598576635,-3817.373847551798008,294.124549416161244,4.251100985300923,thin_bright
-1483.258394800023325,-288609.250260091561358,2,-1483.258394800023325,-288609.250260091561358,-3817.179611028773706,294.124549416161244,4.251100985300923,thin_bright
-1482.644070262956575,-288608.175192151742522,2,-1482.644070262956575,-288608.175192151742522,-3817.312333289088656,294.124549416161244,4.251100985300923,thin_bright
-1481.338630621690072,-288606.409009107621387,2,-1481.338630621690072,-288606.409009107621387,-3817.279660946534477,294.124549416161244,4.251100985300923,thin_bright
-1480.493934383223404,-288605.564312869159039,2,-1480.493934383223404,-288605.564312869159039,-3817.164014861790292,294.124549416161244,4.251100985300923,thin_bright
-1479.342075876223362,-288604.258873227925505,2,-1479.342075876223362,-288604.258873227925505,-3816.990283366535095,294.124549416161244,4.251100985300923,thin_bright
-1478.497379637756694,-288602.7998524523573,2,-1478.497379637756694,-288602.799852452357300,-3817.010250216489112,294.124549416161244,4.251100985300923,thin_bright
-1477.115149429356734,-288600.880088274076115,2,-1477.115149429356734,-288600.880088274076115,-3816.896035599370407,294.124549416161244,4.251100985300923,thin_bright
-1476.040081489490149,-288599.958601468475536,2,-1476.040081489490149,-288599.958601468475536,-3816.670041249867154,294.124549416161244,4.251100985300923,thin_bright
-1475.656128653823544,-288598.960324095736723,2,-1475.656128653823544,-288598.960324095736723,-3816.798085060564063,294.124549416161244,4.251100985300923,thin_bright
-1474.581060713956958,-288597.270931618753821,2,-1474.581060713956958,-288597.270931618753821,-3816.799015400559711,294.124549416161244,4.251100985300923,thin_bright
-1473.582783341223603,-288596.119073111796752,2,-1473.582783341223603,-288596.119073111796752,-3816.688791579518693,294.124549416161244,4.251100985300923,thin_bright
-1472.200553132823643,-288594.583261769090313,2,-1472.200553132823643,-288594.583261769090313,-3816.513902227427025,294.124549416161244,4.251100985300923,thin_bright
-1471.66301916289035,-288593.968937232042663,2,-1471.663019162890350,-288593.968937232042663,-3816.426120720904237,294.124549416161244,4.251100985300923,thin_bright
-1470.587951223023765,-288592.586707023670897,2,-1470.587951223023765,-288592.586707023670897,-3816.269277383820736,294.124549416161244,4.251100985300923,thin_bright
-1469.512883283156953,-288591.281267382379156,2,-1469.512883283156953,-288591.281267382379156,-3816.203133516628895,294.124549416161244,4.251100985300923,thin_bright
-1467.669909671957157,-288589.131131502625067,2,-1467.669909671957157,-288589.131131502625067,-3816.117969711704518,294.124549416161244,4.251100985300923,thin_bright
-1465.442983225090529,-288585.905927683052141,2,-1465.442983225090529,-288585.905927683052141,-3816.039824723687616,294.124549416161244,4.251100985300923,thin_bright
-1464.751868120890549,-288584.6004880417604,2,-1464.751868120890549,-288584.600488041760400,-3816.081310570389178,294.124549416161244,4.251100985300923,thin_bright
-1432.730201626291091,-288541.828142148384359,2,-1432.730201626291091,-288541.828142148384359,-3815.242594262306739,294.124549416161244,4.251100985300923,thin_bright
-1430.503275179424463,-288538.142194925982039,2,-1430.503275179424463,-288538.142194925982039,-3815.606952239275870,294.124549416161244,4.251100985300923,thin_bright
-1428.50672043395798,-288535.147362807765603,2,-1428.506720433957980,-288535.147362807765603,-3815.365480429255058,294.124549416161244,4.251100985300923,thin_bright
-1427.12449022555802,-288533.227598629426211,2,-1427.124490225558020,-288533.227598629426211,-3815.264844951115720,294.124549416161244,4.251100985300923,thin_bright
-1424.3600298087581,-288531.154253316810355,2,-1424.360029808758100,-288531.154253316810355,-3814.913632787624010,294.124549416161244,4.251100985300923,thin_bright
-1422.440265630424847,-288529.004117437114473,2,-1422.440265630424847,-288529.004117437114473,-3815.169473318835117,294.124549416161244,4.251100985300923,thin_bright
-1420.981244854891429,-288527.314724960189778,2,-1420.981244854891429,-288527.314724960189778,-3815.462236406517604,294.124549416161244,4.251100985300923,thin_bright
-1418.523946706624884,-288524.780636244744528,2,-1418.523946706624884,-288524.780636244744528,-3815.244837746605299,294.124549416161244,4.251100985300923,thin_bright
-1416.220229692625026,-288522.707290932186879,2,-1416.220229692625026,-288522.707290932186879,-3815.120852532013487,294.124549416161244,4.251100985300923,thin_bright
-1414.761208917091835,-288520.710736186709255,2,-1414.761208917091835,-288520.710736186709255,-3815.347941341344267,294.124549416161244,4.251100985300923,thin_bright
-1413.455769275825105,-288519.405296545417514,2,-1413.455769275825105,-288519.405296545417514,-3815.372697358834557,294.124549416161244,4.251100985300923,thin_bright
-1412.073539067425145,-288517.639113501354586,2,-1412.073539067425145,-288517.639113501354586,-3815.623230510815119,294.124549416161244,4.251100985300923,thin_bright
-1410.844889993291872,-288516.410464427259285,2,-1410.844889993291872,-288516.410464427259285,-3815.582308566087704,294.124549416161244,4.251100985300923,thin_bright
-1409.539450352025369,-288514.721071950276382,2,-1409.539450352025369,-288514.721071950276382,-3815.399359721495784,294.124549416161244,4.251100985300923,thin_bright
-1405.623131428225406,-288510.651171892182902,2,-1405.623131428225406,-288510.651171892182902,-3815.089483667987679,294.124549416161244,4.251100985300923,thin_bright
-1404.624854055492051,-288509.345732250949368,2,-1404.624854055492051,-288509.345732250949368,-3815.058785217120203,294.124549416161244,4.251100985300923,thin_bright
-1402.705089877158798,-288506.965224669780582,2,-1402.705089877158798,-288506.965224669780582,-3815.198249701069471,294.124549416161244,4.251100985300923,thin_bright
-1401.09248796735892,-288504.584717088670004,2,-1401.092487967358920,-288504.584717088670004,-3815.507274353592038,294.124549416161244,4.251100985300923,thin_bright
-1399.479886057559042,-288503.125696313160006,2,-1399.479886057559042,-288503.125696313160006,-3815.385622943675116,294.124549416161244,4.251100985300923,thin_bright
-1398.40481811769223,-288502.434581208915915,2,-1398.404818117692230,-288502.434581208915915,-3815.157977305093027,294.124549416161244,4.251100985300923,thin_bright
